old_commit	new_commit
0052b929208b5c6add8a93a4e1422c03c212541e	e3ce2405e5f14106ba4b6d7f839d55e66d5deb76
006081d9da2163cddaec33f7827ce5e4815c55ad	d1ce923a6f876f962d276f2465505fb08bd8251e
006799e77e79b109ebfba4cd840658185ddc5873	8b662fe3b35b75726e348b5df3aa69d3c3930855
015c88ff9715f812e7dd1f2cfb42d85eda0ef188	9f1a3ccbceb01c456d512a898b7d5707386afbe3
0180898a2d156e4ae34858943eac0840e2cd7754	857939da16afec2a2a6fce6142ea03f73c388f21
01a898a15515e9076c6551cc18991aff32e64aa2	4a85a74de05f297724e96d0e07189ad12254e692
01c99e0f8d2ff36800e0e0c5459f332f533af616	62b2306f19ca48ae91ddbd85d7d808449cc9ac1e
02befc5ef02322fd5076bdd4e95749fbb3fe6d5d	f43dce561683d45faf60ec1935f9f65c22a64a87
0430ea4e0c3217c29f216419d9bb65df48f605c2	032015e443a879f8e76a0484602cc6a18a06b6fe
0498c22d84c58e80c3561d35276f806218465abb	959765a8dabcc6fe773004966fd8b23ffa916e7f
050ef17b9cbb76f978184fcbd06fed743cff5388	4415241b8f16b6d8b24795557a5cb5e5abf7910e
054449b929c927a4bf976987a1b5eaac5ea22183	62b4b253fc873e3a5a7a778eed95a4fe44adbb94
05d96cee4d6aeb47f6a4f6f44f13f1028548503b	ef294b155e6255dfe0bacff4c43622c3cac6c65d
065461888f697e9ba3454a31590fcdecc537c0d7	7e50f8d1d1bd4449b8ff1d877e6459e3e95c9ab2
068ef2f0538a20260e2d40b566ca862e50c6b2c8	d49d3417da9c977456b27945a8218b3c08e7034f
06d8a891608bbd08bc11a2a06af2fb979cff5b8c	81f21eeb5c15ad60dec69d6d968233c4f65c4266
0797608cac5e0d4c5deab4d64227e2ecdb8613c9	ef75e66307adb3c74f2951c9c7b9f43105337370
07d245823c8c4183ac12ac124b1e85feb82b238f	ea14ce34c0de8bc2896eee8cc7575384af344cde
0856aeae5543305ee524a9f5123f02035f97374b	9fc162b3dd38d0e833e9841bc29d85dcc4a9a14e
08d5051fa03e905e9a59d683bb1d48df40ea2d4f	8e6dc2a3437cdd88509aea8124ed12184c15cd66
093e79160818dbfc4cd284551e9c9a563d989f65	75c835f3f61fc43df5f00a5e55ad7822cd7d0c7c
09b98b97c18f1fdce3936aa471fe33fa4e69dabc	9f58d4ebf12a799a3dd7c6c8fdcae08cf9084f53
0ab9b8a5401f3dd3e45768e55f84ce1f206368a7	c638c38e433ae90713014f510eb0c99c33976a5e
0ad6a57c4a08c0aaa50ead89f56d354474e8ee12	48838b8041f5d84ceba796e297445981a9afb268
0b68f496fc572986c857acf40a6f247046d92a74	c2a801eb2fd1948926dcfc1059032d8add81f670
0ba93d7b0f5d8716040bc905c4e09ff0929e49c5	d039d37cb2a69abb58eebf26783b0d641812f126
0ca5c88d5a442ed7c9e8469d2bae970107ec8450	7fbda606f1d0c3bab539d9f6450f0708ee909f70
0cf93f6d2a08ea764c27cd85b24d49803b60e5a1	885f750de7b021e2be4519ec54c20bd1821ec140
0d469f881b53f45b177da8937f0f0d471f926488	21ceddf587b8748b22ab114389c83ac26695bea2
0d84a549a3a0fa6e4d4f81577b0991db29e4d570	26dd3316aec53b3776b2968b6ca10b1c4ae90dd5
0d97a9271b1b323c52bc6573d2ffe83ced09966c	89186872a20bfe5f9703cf042999c094ac90fd07
0daa5394c1c136e06f4efa7f390308c1f94d5ab9	7353f27c2d2e99ad2a6a2df720a2d21470edfd25
0ea33f5493b6239b390f8329615a8ece3acbf82b	780eb0cd51fde153b9c24dd320e344581c284e0c
0ea9cf89c17f0e84773b196e8165da22a4b983dd	5744689335d58562b8d4da6e20565366c5ce1b90
0f0bf2322b74bddee5d938068feaefff827eed1c	91cb9288c090cb4cbe891bf9e92bdffac57dd485
0f3cf68c2a39d6d38ad430a1c84c0426c234ce89	d6a9daaedaf66d2b8ef23e31fdf2be9383796245
0fd3d593fc316e640a3a9b6bba6e25aaa96de59b	ef694e9654114e57d884262502128dad6895291b
0fe8e4d4942b629b0aae1241ab3703443dc76a17	60fd00a0c260b699e11bc4a048fc9dc0f1d14a47
1002c47f9d981cc1b2a0d3e8d223a37129d06321	682d684dd496f6a2006fe48002abe4108e535577
101c87346ef18a67809cfc23ab7c9bdfeb4838d3	ed5d36511c72e0fb4c18830da1604b0936ad2bef
1045729158661ae26a4af6db1cdd4e5b6478544a	e31f94e601e7a05f79192d23d3a47f140bb71a1a
105251f4799c5a2c0129507c0cd8b3707f30771a	ae42fb4ab1feef04d5aa1c8fa972942d002dc5fd
108191f706028747dad58d90e46d62c1e569a156	2892fb3d857c88e89df4f66ad723c3cf27a6a7ce
113d8717c5a13ca3a2e6d5246e6307f3e3931f3e	ffddaa0794848e1953d3c4642205d45f4efc4156
11d16ee7b163d5a89834d2ac3d7da9a4c26c18c3	4613b18f158758db3c4dfe2116e03353f12f97a1
12339a5a0449c1a33047cb7f539920ae7ef85e4b	4a5aa60e45bd83bd7e4d0c6ed83a12ab31f4ec6c
129585c9dc28e5018b7198cec27c499a6c16c670	ac1835bdde32f2d2c204aee1551fba562c50a397
13a8634469d0403b52b0a67121343eeb4f7cc0c8	9fd289b6b31c407ec08332a951fdcfc7bfd9e3c0
13c0ed833e274a1d90368fe59ca1a5bc36e36c7c	1e94bc6cf03ef7030c59fcb0c63ed919a1a6561e
1489b4c6625de19a5c0514c05b1e1e158fd67d94	75f580b09f96a35a0858f66aa88fec95c860a307
14faa9213bbd926785f39a26d2522bec144a92ed	ebcafacf1d1a84fa4ed9953c8c90fdebe3f24f3c
15395bdb21a0afa4c9b32e88a3e6e7a2b0b70564	410fb8a4e54af05d5b93c4eca07c122bbc86c77b
1614eb5a239d87911ab2d43d851be910975c559d	a6ca0ab87fbcceca2c7fa193694910615c15e079
164f851074da80917d9feb4730ad6a09f441c308	b0d9cca460b50dc1484e188cdd8272be806a6dad
1690140fc77eea95137654b1e107cf9cb6100613	6ed8d81aaed1dec1783533488fa3d6d6aec0eb33
171f391766aa091b534925347e7a95cc36f4d90a	d29b951160094263e689c08e0d76eaa6e7c06256
17cef444f5b020a1e5cdb167460c9b11b19e1271	c9160df4a83ee7cf8bb35670a4b40c4409493b7b
180eeaaad37228997f00afc0d77a0783ba330120	e690771ee3f3f6fbf58ee7865b1b41520b4d4b40
18722f5d489e4421cc657c185c20493964c5ac7b	62996aaae005f3b4d383e640bcfe26d0b363b457
187ee190d5ca9bd08ad81cc0a81c83051e8ee844	dde266c31745b431cb27604d1cec96d5423aac04
1897e19f285a219904adf618101a7e95cce59556	2daf7756a0b82349e4fdcf90104b8f17df0c4384
18ec30c26fb7c2961a212f364b0eedf32ec6ef3c	b7d21309223173dd334c5352a46aa3d57ebd3e38
197c66c3ff49ac5fad4a7d6634e01ab7735b60cc	7385018d3673949450418c2aae88fb36dc0de934
1a54f45ebfe126e3aab55b97e2a040a97174bf32	85fe2e8bc6438680066708d8f3b8ebe2d8d596bc
1b0d866c83762117ce437da15b589c0691170253	61579fb4fb9c1a15ce697e70effceb69d911b0ce
1b4cfce2eb4b7d61eef7a3b233f5f65e18051b8a	1c7e4c15c63652949020ffa0c9576561682d23ff
1b6986bb363720ec9ca0e2522aed1a970c725a65	a8fc3abd98d2717b24f3d307484d1ae5a4913a77
1ba740c934898070ddfbd6a70182323fcf1a767b	f17557e18b9e4c75bdc6acca0ff7a82033e95152
1bc29cdd7ccc40a5d64bc3a353744afc664989c1	9b4373f05f668a559f52ed760e252f32c9bb48a6
1c4d069fde896e3f69da394ee5b5a4479d17f7a6	d94ad75e52fca6dd17351af4ab79e3844028ed96
1c744ba254550f80614eadb7a3430305d9829fd6	7766cdb60bfe6199d517eb0bead6607af23c64e4
1c98d836d8b27402c2e87551bae41f80a0df6f33	f1a9152bc5895c98d80b7f359741a4cd91eae4ad
1cabdf00934dffe1db97952b33abb5e083eeb62e	bd0ce1ddd7f207914525f09344896d271786f05c
1cb47ebb8ef59a9ed1b015877d82bb98a89f3df8	87cbabb17f281ae281f3607c70f3179d83090fa9
1d21bed7d77a8fb3bf018f0792d5b111fa40d319	1a8ac55c762b78dd12819fb9a78eb3506c330de4
1d723b11b7c8667babeba771a360216ed460eea7	188eeb94a5c8bacb84856888b06c4fcebb27650b
1ddd4ca1fea1a7088586a0e280191f1c4b793a1c	e9e27b5991c0db49aab3199b9e769a415001b037
1ddfb800225bbd06e8b0eb16c03bc3b46e39adac	1abeaa367da9de795a5740c6d34f8d4f3333e774
1e2e5b9047aebedbc988eb29acad784066238b4c	e9be13a221eb7ad9de60e4541f045b6c76255020
1e80a2061613ac40a10143c28044c661e1d5d4ac	148810813fccf8d66fb1c57d953ab07005cf3e0d
1e83c66b4b6eacd15dda69051fb5d5339599874b	83620482a2c6b49ab9a1aadc15a4d2058d01baec
1ef2cabb84530f30aa0dddc1473752c7968cfcf6	1821cb65d5b8d5c7c88440864e4a66d1f09071dd
1f0db9a62c6022b97aff59f43411803c4910e84d	11835ed577b4f7e51b8666259489c6c6dbecac7c
1fad8f2351356d73d6de7a0cd2cd4a3e65efee05	86f8b877cec127ce0a2346eabf98fc28ea654479
20234d2aa74534288f71951ad63a16541514c2cb	5bfa13e77617b473afdc03f81515940862561874
202d4f53f1bb6ece2ee069b5d3c7e9e47f948d1d	033e75b3702e56da63ea3ce6779c53375ac17300
203aeb9e0f3f6e01f51f698badf6188c9fd13cca	464a0d8c8164219bfd49cdc1df8cce4cf3389c6c
2074b0d8feebbd05fd932c378f0ce453b26fde0b	2c37033ccaddcbfb7f35ae4a9e3ed725610a1e5d
20a4566c2f92045fbf65908a8a0198569c601ef4	be41d526741f12f0ea641f3f8c95a21ade06b5b1
20ca906e3835174568067f897f03d0063c20f5fb	42ebc768e359085f6195e1e6cdac4ac44f721cea
215688a4360fa6b9b9e476fbb893665ab692a0a2	5e144547062d08fc770dd867be656fcffe942cc8
2187ace7aa5028bdea3c0f880c62b7318b28e0e1	d34a97546be16f5eaeb793e46f55c1d4e075ca77
2198e0eac124fc24452f8e2663a3cd0f32df88fd	d90cb77623a8dfd529419e36d946a519a0624fb0
21b7f3a2deff067264a536eb6f7fcad5a67da4df	46094f23ccfe94a13b69ff0af60345fc5712090d
221300ae4d5de2caa56712948cbc3dc723da9aa5	de85a3fa27ad6e659c4e471dabe62a1514eb4c00
22433ca01cce387bf5b275a0cea2ffbc0d4ed048	38ffdbcc08500e2b115d3fb918585cd5eed892e1
22b507574a87641a4d5f28941f0cdbb37d7265ea	2d790a9135f2e9f9430167edde01e7c36cc0c18a
22c9e58571648ccf1c4ab1b6235167229f8c590f	58aafce253462d5450a78f30f4e75e7be520089f
22e2880a744b0417ac696a0f1556ee0f5c2dfa03	1c83556916d91241021496ef1a0bf6b4ce63c847
2328f7a2797e53b6361381b789195ec6bf19ec60	2ee7196a1f0031bbe6259c9215833ab619855080
2347690a3c59d33fbd8a6db17403f891576a9a6e	f095d00fc7b96d7826d1239444f5566d790a865b
2389f7eb1eff9457cf60149c8de490058646111f	26a4c617f449a1a3e74cb3ec0ef6c495730ae966
245af6d09ef9b846c0667f545d8a600c362e9c23	a1a377d1576217f72c673409806233265ac171a0
24a176065241684237ca9fefb2adfff64fda2c39	0259dc62de5bada047cf0ce81979f3745e3c3b5c
24ee170a1b99f7e3e60f9060dea7c3e49e3b29c3	774170306bffea2306b047da4f60c3e3eb6dc0fe
25382471b952ec3588a162ae6eb105079c4b443a	00b31dc639f8a086f70afddf47bfbcc992595c90
25439801a361e22c2c34bcd99c1e91ea68449546	39a0d97d8840f263de21ad7e6a759d76c393f794
255e3fc3802f2e653d1e4709a0bd81285c334adf	4b8c8e884790cc1f015a1e935809b2592e2ded8a
2583664b727939981839ffc0adaeaa4db22bcc37	1b3f9f334fa05140b7c6546332aa2357b15c7cea
25f7832adedf665257cb4b96c821a9bc371f5558	c7cfe4c2008369e0da4468728335d95d580a95c5
26098ef1f0c8ca4904b21e5a137d4e695029944f	b6d5e773768b32a46dc6a22f1d0bdb60b17635fd
268194ebad762d92c62b19c90e3bc6c83df5f86d	0a6b0dcfd3922075ad5d16a46811fb3ec13516bc
26838c01f0aeaf2da2736e317932560770c4a6d9	5b642b1e42d78c20a59f5450228c4be1211c3da5
26d62b169b4bdbe998c17c58ed996001fcd3187a	9bf23ee41c01469b716b4c7591fac23be0f1298b
26e70912e9c109e8577c877fbb1824b612d6f889	3d1c4c67bfc089c62bbce719e8f5ebd447d49dd9
270d8b848d4bb436c7e61453557865b3edd586f1	c2caf2d2e3275d34703b4f8f9866174a93313845
2749f84e8321f804ae5e141b450ccbcbc2c6c5ef	57c1a3c4f57f11296e24672e1cd11fea9e5a7e31
275645900b610ec0e56e12f4d62aac681263d991	46634cafbddb78b379bdc4558842587a51d10eb4
27a37153212f18de60e475980314fc573179dee2	03a6fe140ffb6822608184314c5d1788aad07ffe
27f39a519225f7af399d6fd61fd94a7de1b41ffa	ee5c45b40fb5cddeabea1a470d484d165b996811
281d5adfa4557fc6ca2802f5a023ad8109b16197	abeb312ee64b4c4428c154e5d371e6cffb65202b
2840e673205ddbbe7c2f915bb4d5caebff2aca7f	a43ef00051c68608614cff6a702bf7eb07cb57b3
289967972896a16a629164bc5ea4e5af61cb7a6d	1213e0e5266d37606af318b62760af6c43a8e41f
29420d6a8fbbe6176475735b0ca62d856c84a464	d9683acc29b061d98b19e4a4236eff6a25a858e9
295ba109eb56208676cda64121db7cbc174162a5	5e9c164bab9302efd9c3283e46f4b5fb7f933695
298c66775cbbbd2759ff478741370f86c8135c20	c925c302d11a249848a3592805c3c709311bcd79
2ab972986ef31f8386793d118ece581c2e43f528	84f7184d2194750bacba90715e6d3c584cbb241b
2b19026fa78871ff28d7dd45a1d4b9a347d19065	dd91c94538444c01d5821784b83954431a7c8cc7
2b7c018144b39b1d378ad4d594bbdd9fad63a41e	0f62f105554fc35116b98df4f27ff92077b7d9b9
2be91119aa55cb7627c701b236390065c31e1a2b	41e65c8958598da11d0c51a04e50bc59c56fe02f
2bfde02173dc39b53160fae1a139757b84d3c6d5	cdafa315c4e108c2d8dc259c35695e71ee23f125
2c71b83edef65dcf3a98f31834e426bb5ef1d9b8	bf6756544ac7223ff212a0ce43bc177c7333939c
2ecdb2cff1364fbc7772ae362d2fbefd36554359	ebd3da71fbb746e91f15338641459bf6ea277345
2f0c25d04e322571fddfbc939019e344177b1ad2	06f218188778652f7f7ef19c7a407721433104c6
2fe512e340ab674bed64e4821e7503f5f329651b	36e05c17d0ec471aa44fd34756ee50ed19ba83bb
30248428e94f19d66b974118d4db3f1cb8dc62fb	8443d5b535d2765d50f746cff7c7075736f01011
309b991ef8a74d67cfbb6152f561d07c41651801	8560bf285d5f00b3c9dddaabaebb98195523b679
30ab461c9b63bac262964d755f7e6012bfc17e2b	5a8a55950c68bb4b7fdbe7c28f7fee2b438f60df
31519460d9dfcdfeb451600aea900a2cad0faa5d	fa79531d6733934fc4cbd40831284c65da5a4f4a
3160e2840f3fc863bb2d8815b15afc4e0d240fda	452835dfb43556cceed513f0cf8e1684bad085b7
31989fd24bd4fb01aa6dbcd64454f9f186d94e5e	e6f612df7f2804564d2d15f525b9e29fd0ca6623
31d6e2e3cffbb7c8180186424135d5c605582b3f	06e63d9c3c64b111ecdd31463bcc7476778346b3
31f230fb3213df2758b7f0dc2df99f5a3eb8b400	d2c1d99f0685a756ef07efddcdc83c05eee26b5b
3254c48b9633d62c2d397ee757815dce273e8931	0d4cf38eaf4bf5759d87f845796c699724344266
33a5f008e9ebb0031ee098dfa2ae81a810e44b5b	56a3b87a706aecba417009d53c351cbf8b53c747
33ed9c73feecec51c339803aa2d6bf5abeab9415	664534f2cccbb87018efb17d559b95dd4e53a536
34084ca59fc60437926f292de143599190c660ea	714bafcc1d9b1845f1469c316133b589eefe3c08
3530d530609f031dd3eaa6af8ea8caa0ed8b5fbb	a0d6dd3548691c20b72012a4061c11809e15afdb
358846aecde4242487224d4cc62d127e3bdbd349	bda2e29f857d3a0b8e6273e9748a430d909d04ce
35a4819f72fbd3fd3484c6360bb7e3b900fe5887	9e715fdddc09eb2b391ad2083025d2f75f57b0b6
35b9036522e55d797ce609c7545e56ab2fd8e615	52fbed6423e7c7fb0ab986643f2c0d8a20163d5f
370b0b47ff90bab6e0c48d68956e13bf17febd9f	c6310886948f6281f342535f14ba93baeed9473c
370eadce153e5e5d2f632f650598fcc78c285953	29ab57ac670239a4d2a9605f5573bd9bf48f77b2
37fef001662637aa980466a949f293a697fc3139	f86a79aca23c18d4c6d5d2bc31ff895485fea871
38c59ceb3415b0ece618fb0c6f8734383538ce50	a8cb9942f0b9fb23c1e55ea37fb32db9351ddbb1
38dad8fac09b55056b46d5f3830ca36595df089b	9a72d3bdc3a9b0570c66f82788fdcf5f38478207
3901dc49d46edeaac353f724d675e0d7e2a4711d	45ce9f1da699e3badf011c4fd4941c70bbf200ec
3953c8453af859c225589745487b5290e0246da0	bc3c3703eb6d42aa8cc4d4bb6ab5820fb9e9542b
39b7f52b7eb1cb60a47856f432605885b15f3d6e	9767bc9a72f917e7e09e90b21c9ce59e25135e3c
39d2d299df4297b99494bcd3af9e387a65ea39e8	ad5e6941b8db926ce7b2685cffda989b357bfcfc
3acab342186343030ead34dfe1aec81a611422c7	3e28679b811e389d2053cb6bf49a20811d159aff
3b0982a67ec217df03af457ad339c47a03c8b16d	da4669f472b834add9be52c28efaded8db1f78a7
3b7302387899928d8f36c86f64a76733175b0798	212419201b4f40ad66b23aa507c3e88e729baf45
3b86d63b2cd091ec3fe0573c5f756c9efe1204e9	a6a6454ae3835eb406eea5b8e23c0067c18fb842
3bbf8968ecc0c29a7ee6205852e042c651d84327	77e018af4a204ba00b7f4bdda7366f34c9d536de
3c997e3ca004425761a636928e87daca4f2849e7	608c187c0f2aa1094bcd9969a9d0a9307ff08f9e
3cb6ca24fa8d0695c58be02a95bc8015b508b47c	fae336dec7924496d948b9fe871a27ddc9b04044
3dba1f91ef130cb29ebb809b416f92056fb0b005	3685196965e2c4269b5e83f0189d3abba76de4fe
3ef1968f3236be981a6baa3367ee576b24eca1d8	99020a64528c4680080d9f12365ff3c0b57e9411
3f84f4b55c30a93930b2ead5ea1b3d504c53eace	2203cd4dee288ad46a293fb0d59e990622f95c34
3ff46ce955c6c36e0f8bcee917920dcbb731d209	80c7d3712267cae10b4a7b56c3673efd8cbc3d59
4028ceb2ead70a6156f4f24d83b088f4e180f80c	92d78bda5f0ca91f291f26be3ac4dc0438c19f2e
4115d8c8f4682a98cbc89232ad8a48b14e49bade	535efc92e347d524530502ab17ee7bc685340c37
411d9d555e78f31a8327980f21b9b0e6999e340b	1f52dcdbf2f52d0e0a722be1d5fb861cc831f210
422d7a6a49d3c7a13e5b4cd788b7da3c4ca39283	7f7f600db4c1afc611f3aaf4192379f31133e126
42b6764d011b8cff06e8327025e08c0a5a24764f	07536a3bbc41e66af7a0fa050c87915308528658
434359b9e80f0009100616721f10b51aeb704133	f9801ba5079dc04ab7c6c8743af27b4e6058fb16
435fa762805665e485a8ff649444ba2f77961fa4	6d1cdf23dd1d916fbfebdff65fc2a61acfc7be7f
43defb605a420d66f549510acc69f46712186010	34fe238e13619a31efb13795f53a0865286317b9
44355a4939b5bad4ce241121cb4b075661222898	14d4a7b0f252d0a53c84a2323838c455fd24b75f
443fc736f3a8f426414e244a50a1a438d2d8a497	dd7cd82d2523e28e8ff1563ea00673b32515b9b2
470cd4dc38f5b40324ff9263ce55b68c2f555c06	0e7c2076d2ec0dcd0b30889986d949d279f95dab
471daac37068aafcc54399aa4f82627ce886173c	d6335e53daa1db3613666fab753ddc3519354fc8
472e8b33269f64a26d21410e78f7cfc6329312a2	ae9f307832c00d639f40696b361f9a1e594e193c
47494ff8e31c4905d4499be934bf2a98e32d8609	211aaff415085195063f79e31c835d05cef36d22
47a656c2e28b3311b22f6a48fadf29d12b0297e0	0b585035d0812e821aa93c36cd4030bff1cc5ce2
48001a839344c28ed9b69ada76dfe0cc45958899	2f800fc256c026118ff855ca075a6256bb01c258
48ecd3feca362b66c5652a1724ade599c803c46a	9869170b7f8443879e4660b7bad268bb76543fb6
499507f621a260eefd332ac2c1d856ca0c014f2b	1e2706facba337b26c845da09ae422da4ce733c0
499ade615cc66a1f9c97bcd95a37fc721c0e82f2	b61c98440ed5c068786454d7251c12e22aab2022
4ac7bad32b51d30f344d436e15da20fa1a12825c	ab8d391faab7ec9cbc13142d0c6636f5703cae77
4b0f5f7cdf716632b7d01fd75f2d7c33b027a31d	ef4e02410801f40f1969143f855a5b177a10e78c
4b60382907564ec6f2ebe6bffab7bbf4601760eb	8d73423ff95f2b5c0d0bd51530e178739b00e649
4b8b1c74b7edb4c53568477cefbc7c9bfdc73334	2ac5dee6eb4b57f8f0a78829e6f8abb31ba47a45
4d21838009804a47047348e80c8ba352e3d8539e	b757ce3e32d842ed9df97d168a532f4e25efdc6c
4d34234269289456aee96e6e5c4437b09ecf572f	d9a40bc6245746aa721406dae8c17bde4aa40ec9
4d3ec6036f5d85fbadfe3b854f6995f7ebd73c67	02f43fd0ecb2c87a7d8e4e40d7979ae69787f4f8
4d6dfe99d3bd7544b4684a90034cbe48a7aac8c1	44dd5310eea35bf41a34d2d376f190b5758be2fb
4dd9c08360f19638164af74b1ad9e734a1fa6212	c145980c7c09e305465ec44a92936c5a0a8395dd
4e1730cb2ec6372ead901c231d1f20c8d20eedb7	6e81052af8c950ec2ffd155038c2d3dd6af080d0
4eb5b624116b4d1d341de416df49e545954182c8	191d8154fd0e48fe2eca95f295e7c4e5de7523b6
4fe39ffb7b1e72a7828c976e58cec086afb6fee4	e648451804971451d627dc61a9dc5a5228b89efc
500b71b6bf3d3a8a248442cfbe68b224e4c9c337	abf85bfc4b30a2f9c47b7209a44897c8a02f8125
503108b6ad1f5ebe0f98ba7d527aeb70bb0295dc	39f61e48b417ae6bf82e50329a32abbd4e8c79d6
5078292b7dd8b8fc4db7ba7099783814281e60f7	6fd40da1e399c902f16204bf6b7f443d91036cc3
50b7e3e2de46d36e4466f2cf127dc6f1f2500cb0	5e745563263ce72578aaa8c4852826fda6637bcb
514e44b90586f8b002e97b612e0039510c4494f6	6e94dbec342731264ee6ed28e0e0db3e0b617425
519d1eca616d9d04fc4b50474137c4e318755ab1	52d090dd191379faefd6747be65987f3ea82a5e3
52a2648b96ca55e33035228f846d3c139030bb1c	f5b15b88ab41e1ee1ede760ce51a856c8a619730
5365cac0e5c0974a35f996acbfad1e1298fbc5ca	e17b8ef47d72622957af4301ceb44267999658b8
538021375815865e9956775917dd52eb248b2941	859c4b9df1fc6c4a6f487537e40e40a916c8d4a7
53953a239c8bc6b0baec03f87ee51c11739027f2	3ff5889335f2a4aac6dc03f8ed8f0c0c26f699fc
540f7d44dca56216ea543a0fa9ca4e4cf739426a	afc2f92314291bca43f3d934a2fc9c132436ce56
543140151fc86791eeb2d8a4d3319b2fe1c7477d	f6e04f194d78bd9d9ca6d1f7db03a416fc18aa0f
547147133ba5e42adc8d2d4ce041bce6abd1f09d	c5b6bca37930d55b25049da0f54c9985b2b48987
549ff56f13222e1d1cac3962b1d207f2aa951ebf	536b9f448e63ffba4414ce363ab8896c1de3011a
54d5502fd72309205d7f8df4bcc62f260f66d298	450df1b11db2e9e9f11018e927600cd99ff73498
550b8fc5788527f70cc03db9093b3e8206350084	4821681579385d2448358ca29d2ba9c0a01f9f59
5561e1d60345790d760038276e59f46185d4d722	efdc3a6a174c55a513ca844dcca8e96d60316508
557198236d649b3e3973a4f4807d3480e1c0bee1	d1e0a5416502cfbcb3f2020ff99b8d3f655706fc
56048bdbdb824ac63f9c6fab1ce959928a041548	9b6fc4ecf0214f0eda0437fba12571226eb32722
56214beaf6f9d27def593eba68f1dde628df41a1	8bb76e6b958ad63e170d805bc712d7d2320812a8
566cbf17709669dbfd0c917a272c89e03447bce1	6a08dea2db8a377e4e5e530f724c062d5ac62d1d
5671aabb60c542327cc280d8b05b17963da0df4f	f5a84cd907ecd1af741ee4e42168cc8c17b276c6
57ee54b25c6bb3a4ad7eeb436e2e130129f6a1bc	ed27329b3abc7b7b39a8fa5430c1c1e31df3daac
5845504527015d66d49e9ac63a4d822ce2dc5bf4	56d3defd6d3adac095b17e540ecb5e1fc9c14e27
58f87563f482ba87d119262644c35b37f1f2725b	1adf3e27d36eac1cd54c39fd7080a0d1ee520fc0
590c5070f410172c576e0dd196a1dad3e499eb62	b726102611c0330d9f2aacb1fb76bda07570932d
596cd27d60a11407608ca7c3c3b469a72966bca0	bae6bb7b489f1fc4c406a92359ad54eca8881585
597cf97d73c3723cdefb344eee005932f5df52b9	0f3c23c8b189bdb681672336c3c296fefe707a59
5a1045162644884d2ee07dd95a365b0882f2f480	5963eef8c0f8a9ace4cfed4ac7a97bbbbcdb3a46
5b2a0011d6e207cfd2f881f524c983a456fd3587	ba1c72e14d2ecc3519990d5e39d425f29d39307a
5b3db6c7fce1571292c6c637af7a8ed5e8118d74	d21b7f30f6e47b3fc083194da3422418e3524cf9
5bf09f564997999d8fbd58e9ade8fc463a7d490c	f7252d9698cc4948ff132f85b66bde35cbb7c3e1
5c4edfba40a9724e5737c60ca3da9cee55dbf5b0	4771b10d9230052852ba92b0b7085f7031a8e050
5c80486a17a44afedf737399bbf750ffc972d24f	a06d18fbe9569f574f068480cb1ff4cf4538e82f
5c9a8778ab9b6cef855e3a075b0eed81553fb86d	48ba5f48466384db37449a5e2a00807cfac170ca
5cc49b14cd12dd34a05692b631bf709946ad4359	ae4ec56bda41c195d1b0dbd8d0d8fa69f1cc24c1
5d5fb472ea82ab7b195b6cdd12c331ccfc7cccf5	30d3d938de0cada481881f320467d1f9242b6885
5faedaceb8f6c681305939825f80186a7eb32474	f608f5d4f3eb42f7fd82c2eb2bdef445f3fda14c
600dbfa288eb2c23178a8457424d06ecc57297fd	182a596ac0f775cfb6fb6097d6e278e84d1ae7b9
60213195e4a1d13e5d83592f94cdc23bcc8c59f2	f8a4871dd377c6ef7a8e85b2ec7332e5dc5df58d
610547077132aa4c72f8bdbd54944dc4b8bc885c	522cf5e0a19e3a841df35eb9082277bf58e23776
61cd91cc3e6cfcad874ea6dcf09296ac418ffeb2	7dd7a2931fd627dd2d16653afd5f2d94ef4a0b58
61d5b359c7a5c14bd6922002db54ee3b667584eb	947d73b5ee27c6dac7d57bb878e56ebfb723339b
623bb9d4823400268813c5608c39fab02ac264a3	16b37e2dbf6b3f4197424fbe71ee5e4abf3d24c7
62c833dad9bd59beaf709a18e563395616510a44	7189b9e0406995bb3fb30cd16f56378f045ccf36
635ea38e9565722dbb7fb8b002ec16145e5fa37b	e12223d886b685dbbdce00c3f36a955e9d0dabcb
63a17ea972e5834a1a1e8779f792add9c99108cd	6d6528c6217abf13fa618ffaa7dca66ab87fec18
63cdd7f00262ab6afa756bd20bdc8b2ee3e737ec	abc002456f2bc3e5e0d938b33a5646de8e16b80d
646f5ac0b114c2c3f4ee845e773b1b4afe24d061	c737942074ccafb2d57be0922e24dc4e928cbab8
649b899ab3a36ed9cc7f921259ddfb6b8474387f	eaecb1ee1312b2e343c69e5f05f4801e7ef5813e
64f4ed0e394ddeec47d3970cd0e4b3c941b71e2a	9b9f323b4e53457ea653cdfc647c5ef6e735a007
657cdcc2d5c85e643ab847f60d918ff68cd6a368	5e4605f7bed962ffc5f19ec5e42b6713d0ccdc48
6603c4c198574884b4aa7a61af7340a38e56e20c	5e108e4644a08f9ec7a65675be32e3b9d35f114f
66e3cec7930d30e7f99d6a55a85841acb26aa373	f7b3c3b7f5213303817feeb8d3ac8568cece8246
672cdd3876f3c7570b2f9ff652c6dbb42076c4df	1aeb5efa5a538228f0c7f4c8deb809e940644c0b
674b55a3b606d6cb7ba3e8ad9d8fe76de72d141e	00499ecb481fbc1691ca7189dadcc90d38e6e335
67984463575822aa472574a11f0c7cd9bb5ebbe2	1408f2570018942b012aad962bd217b52cba093f
679c9f3d5461fe21424c4b94d011e8c0e20ff6eb	dc515edd5f0c3ed02abeddb0d61da1440871ab8e
67b88d8d3ed1bbc439038418caebe9203549afd6	d4eb6207c1b4a460b2cbf065be1ba22e4f2c605b
69e870756248e12d417b1839866ab7d90de8d2d9	b111263b49fbbeda25b9e959a69e275e1dde5df5
6a53a6296f7f7225ce95dc009e82f2e6c1563af4	73bc85e53888709517ec7983dd9847600f1752ac
6a9022a8461522959feeae38a13f2c5c673162b0	9cf2b42dd1889b6a29886b446d06340d9be2bf2f
6cb693f748a2b63e5a0a49a9500ae295433fc2e0	4a77a8a3b16e2ffa812a8f6da997d53ff91af928
6d6544accc2101a1ad030c3905bd0f06382a91d1	e40c7200fbbf156ab26f505182a4c6c4918f65c2
6efe34d1710c82b69fc5a533d63dce8c5c92c51f	d6b6b35e827d215751d770afcd4c79ffb1c8c342
6efff3f4d9e02aba8a3606199d97072e66ca7815	276728f25096d86612984a552c79cf119e1c5049
6f3b3e33590c3c1dbbd6a88ac2abedf138d542a7	ed36747fe62ec33724c8a18047b62a02373959cc
6f8da416304d36376907248cf21a347f73f50097	58c2a2d1f1a9850d55f06ef69cceb1b7b7640fc6
70a017c7f76cb2973137cd47c9e59ab1ba4bfe60	ad60547333c3770d25e975c287170d8a2e3e8515
70d37697004adc046da1c97536f8c1d0069dfc20	7124a71de75bc9662a1801e2c0806645087256d3
711a0e129b9aaf33867eda477d3b6396c43657f3	0a733273514f5902aaa1d9b0882cc894e39b3dd7
715c86cb88870b30d17c720d731bef6ddc5bcdbd	7d6fdad87098f6f8e6423e3a9151af14487ed840
729c0f5b57f29edabd49ed3e2b5cc5d035c0a9f5	71f3146bede43672638f7a034e5cc99442c0a85a
72b5c2bf2a905b0cd875d7d41d4a9f43c4abbfab	14043a61268cf7afd74886ccc262432eb261dbda
72d69242a17a79602d5e01e234eee8efa4d2c3ff	a88fd22fc6dd651b96fbd9a0efd1339a8892626c
736aee67ce648f994633bd5fbc19aa046ef7d12b	bea53c7ff039436b7e04c3f7b536e8bcdf8021cc
7381bf7a8cddeabe23968ce9e74301855153aa73	528434f831b2bf985c35524d982b99067b81ef10
7392f298e96a55e243f83671ea586a1ef346e355	9b326210b628edc276bd8d9c4499739350cf8659
73c0c6736a17d7d8d7e05477af0d1c6c2f46a9b8	25724819fb57b658051fb89576fbb5778d895dad
747a078a06d4751e93c3efba30899ddf013c6092	2dd768ad1d8311746a91a054295933f1c27b1244
764140b51a65205644390ba77e681c7f946ba903	06db8567ed71ba58455930291f00ddc108b741d1
767e58a0e3f2ffea21c6bdde58cca746966fc0ac	da022cdf871b74a26873645eaaee8fb3860fdf18
76848541915338579b4346712387c67ee8194c71	ab7007228325f27130142bbc43925edd4712db1c
76962ae4628d7c14b9327e17d4cde4984cce40e0	0525c54d9f95f1a7e8f6c90ef756f58d27ba6b44
776b332405167a1076796980f39e93872e1e77c1	3e49e1fa10e520ad0d5e7e54e188b62da93e47b9
777c47a948c368f5b56d74aea68092d6c8a64bd0	0bdb5da809545e708d86725e3e101bc96f2fa97c
789a8b1d48e690980ef0d0ce82cb30e7d560b004	52c89975b7a2ddd98df6f32bc0936d87bf2bf3ff
79004be5d1ce2265fd048f94440cce7905f5f340	f702de0cce8002062f164ec99400d1e80564b101
795e937a824211d7e69d8992b62bc4aab2526ffe	774dc5185fba4d6f3562ce7db9def0e79db630bc
79c0a0732cfc03af60f5056bd9642349c550aab4	fa16ccd995cc5aa5aa7a7d44d3737610216e69fe
79d28dc6f6ba6501a55b63426d57cc41deefb17a	8de05c72fea3c9da317399544f68277f4a80caab
7aadc466b08aadc820bb22a428494a99b9e21aa7	0c05b766f67075a43f33c62a302283ca033b31dd
7c81ba52d153d280ecabd9f8b683722d15d5686b	06f207ea0f10eec388fe961ebc74636187a9f275
7c974069e40bdb5ac9cde50b4d68f0406bf9f377	462a506ca317303b3abee0c5ef317bd7ddc66a18
7cb14c49fd3fa11731db2065ddc4bb57b4bf97c0	e3b1eb0606c9e438c22360f262805276fe8776fd
7d053ece97d330860564515c4d7dd3e1f70c6cd8	dee134978e2956b9dd44e1ef07f95dcea6191c82
7d11c5f9ca76a26296b95b1baf0ce6d36622fdf4	20b66a9fcfdce286ce8863d0d86892c5398810a1
7d1ffe382f94c5d0d706b2304e0f7b8b604fb8be	e3bb18863eadb5bbb984f490bc49c8ee784fe844
7d76b056002bf43ce36c702bf75415e63be68581	ca453d88baf971892a4d032435e5b234ee6818bc
7ddd106e39f9ae688b4aab973378b490183639bf	dc555bb0d9c1eee7ca4aa399542029c98b012b2a
7e460ca8f1a3cb10d4244818d9e94ccd498d4807	c1d4c9ef0d9dd88deff9a7fe189f889712a88df5
7e9248a3bbc860d2a2e15a05c4935984c7b620df	593d66829ccfd172621d05cf805a8ac24843f451
7e9270044fee214bdf3d8d4ff8e16ee0ff90bf21	0e22fa61e1b3b95a7a5d73332999a7f3f57fde40
7f200bcc6de8ec3245f933f7664a1b678a2cc63f	02b9ffd15b9744a1cb2f432b339d2c03311b13dd
7f347d205021c4008dbe7df72b3d8b07e2b1349a	eea842f69972fcc050ec937a89bced1defbc21e8
7f502cc6a794257bbd5a1e1c33dc52bf59e3ea52	0212115ee98102f2abda1efc9a6426226397661d
7f52ae328c10980e1793e4b31cdc8c81cfbd45d3	50976159cccc3923575ed83bcbcdb80071417a13
7f650c88193ad6b340d640e559b5e5571c3f9e0a	f906977e3075557836bc9dcfa7afc50fa50a73c4
8022b2eb733953273b18b70b58abee451f3d723c	fc444970219d5fce981336d829aba2b432b63f05
80eb91cdc0cbed9e81482a9d7af430a6c6464e11	9766d0d581dfc9c19dc3666dd50e63d86e9a117d
822759da908cb3d9884864c5e7b4b604d79ca48a	5fcef7adced53eb5b4a5bdfb3715ad97c091e22d
8253902c3afd930f3a1280af269aa963a598010c	ed4ed48cfaa73dd3ecf97749d2c6653ecf3f9b0a
82ad116da12f5aa129c0825ad7691ef4fdb782c7	0b8b422cf208f5013cf5a25946bc4e31457cfa46
82d066d679ceb6ca0d2f0d6f06f3a243105148fe	4b825c985a6f8e598b48efca7d067e5b0f3ed23d
836afc5da0579473569258f63111bd6a404fbf92	a8d26757d09e17f5eee729360f4023edb1333c8a
837deda70a5742d527875e7d61319d58b92f6a73	ac48b3c9f69ce0029d8b4d0dd01cc4da6b2ba95d
840c97e12d73f5aced48ace5b99aaefe1d10d687	59cd18eb8fe919d6ffa2405ccc60b1ee35b28b65
84f0181a65b772032b887375d9bfa9f0eb7742ff	e76183a7b04168173878297cec84c92af230d0c4
8500f756bc03b84198b2453a1fa126f08cc90827	2e13b327ab34930c0687b80049ae059ae076a47d
8730fd5d9633aae5d44bd09a7997c216589016e8	e9b402536b17731217c492efb6e9992544b8dd8d
8746732484029384e4ec86573bb0b768e3580570	cb8b50d44c4f17b1a1b15e02ba7cb7216e92be38
878807f84427a4bc73f96f8f0fc66cfb0eaf80f4	1d022a5f17b4598197745c51308a904362a01d97
88cecaf8108e16e23c1d594673d964f5dc2e47fd	3fe5eb3070ed6bf3fcc470056076e0a6c9b10137
894d12fb4f12163068d495168f0da6ca70d240f2	ac34fca5a3a084cb393f9064b43fb025262e68a5
89c29c6cb66b149ba5b2b15dc11e617973c527c4	43027dbf2d85194d1566ef1f8145e3fc19da6606
89ccc48032e1e47108136fb08d764b68ccf6f90d	b6ed206b604534e6d64364f4590efc314705cb1a
8b9177e81cf483c0a317aaef2c9a52316bac209a	18b4909a39323b1c5eee028216edba6d47615a04
8c0c85c33ae7097091b468e15da79ca48bc2a35b	0f5373c8065795711eead5e9f37a3e0a21ae67fa
8e0aec9929cb806391fe7dbbcd4fdbd72a65041a	53f3f3d6eb2a845ec62b518b6d5b98d80d7873df
8e7a02784d48a1cd948d58bdab1fe515aad76f70	be3f077ddfc7c28384e814cecad2a70f60906936
8e95a589aebddb945fe160764dc34999fddade75	999f0bec93a4ca9a90b95f7e2706056f6d3ca526
8ef61d747c42088d59d0bdf54862d5054e5085cb	1e536c961a4b3760cc9426cd5413709816f1982a
8f0fe4e92bcfcba3bcdec5b71cd721c7fa769f6f	554debe665aafb41a194e74f467d332292e84267
8f1e3af1aeebf3ceb17d6a578b36d4a708f82a6a	c04d0993eae602280dd594bbc873296e541b659a
8f24bb5b19e5daea68c5bc71da677feb84f11c3f	df0388b89200d5e5ee5d5d4ebde20e23b268b263
8f3e6bb26581ecb890f040b29543a6e25120b317	54a8b801074917867ac211bbe47a1d92b017ac28
8f7d205a366a66244bb89f8845183557b6faefb6	2399faa5744a22fbaed00a07280e07fa72bcb9d3
8fa39cb5012999227814f143fd20fef107b242d3	94a9e773af23d27cf381ecdda9a7de30cbebfc85
8fd34143f14d7544f8179845bd90ff93e1e4bc40	b776889b8295fd23348abd9b3d8c9af86dc7ca52
9060854c03d9484d8efe59763ab51dbac4495b22	7c107c847d7258491628d776ddef10c1dbf8ce3c
90bef200185fcecf309a1d32e8dc2166c3305c82	79a4ef9661bac8ce06ef32c367a8d707bba41372
914f4e260ea934eee3f3a690d95541226bedf35e	f6f8e42bf9c94e61e3e3af12b94fce7a8a9dbc65
916feca2576abdb4e5ba335805dfd6a3b46bac54	5f12593f2d61f4aab37ceb07aa27e4eda53819e6
92282c4a6b5e319941bf7a5ed6897bc61e288c67	5bfd9922817e93253388de79ac760c505498a1b6
92cdf67fa246477540253408104b4192035ab590	e5f0326b1570624ffd63e7f4efd764dbe598c8cf
935e9d500383b6ee624d8831319dfd3c1af4f503	21a469b536bede7d81fc8767262ba8cbc5819936
9412302795c09363e79248e789a46f39cf74e69b	e035a6cbcd914b59dc8976f516f6c4f784885fbb
941b205156910b3929b24b05d9e51db3a22c6369	f745417066729473f3cf62b731effbe22da7af6a
94a215109becc53293dbfcbe62bd62f8808273dc	6f491dc4fa1dc96a733580f3460c8a8a6babaf33
95774b01cd7c7cf4ef5c183199600fc99b8462f7	9abbf224d47c43b3849e48b9b3400911bf766501
969a7198608a8d3ecc060c09f84657b5cbf0ffd1	49a1a149b50f53f1a89ab63cd57fc39dfd222ed3
96d1aafaabcdc74add631c2d6f4137fd3697dacb	5fe32113deccc07283d4731938169ae3cefdfeea
97024e4666c4d5aa7e67a86e982978e5d3689b52	bf9290fb416b9a7031e4db83b79245ea7b16f230
97b19ec521b65e1a2361fbd1c00b1f5c5ac62efa	925d41688b0444da071d9f50157f67261abd4916
9856b714d8344e09d36d6b21852e254eabbd650f	5928aa30633f6b55dafcfe7972eaa55a83a54e16
98b46ad462cea900862d3cbe86d7949cb6baf2b9	65792d48b58d92b24fa7652fd01a4a1389d9d0fc
98f377c011edfc376dd81e3cd849ff63b01c1c1b	6541fda13e78ba11deb13021a11ed980626d92c7
99a78026faa789b20b6f535890295a2618e3b4ae	4181b04a9e28ece78b5a02421bc952e00f406493
9a18e7737ab6d9faa4b6efe467f0e404a61f52ec	73022b1fd73c6fc99b89130edc09c93d106cc879
9a3bcc13f8afb69702906a9b1da10343a3377fbc	f8b9e7c52ac0a40f47dd77adc0577d773e308107
9ab50dae021d897ac2d26ff37f126bd2707cda66	e026cd5b352acdaabc9f9c8bb522ba356f747df5
9ae54190dc72e64ca1e08bfaacff216506e839ba	934356dbea5c995399bc6182809928c21fc936e6
9b885aa93e486528cc9a2df739b74811dad4c9b2	c30b2bbb46db67b444cee4d6ea64434dfbcca313
9bff18e1c9bc893ed29b6d6a769ae573abca882e	737e612916ebe1670c9098c623e5724e57e14fe7
9c4976934d37ef871ade38056615b01a5cbbef92	c4686a2f2aded326893514c14a583f42fe42a81a
9c4d28d53825a5738ad4b34e82682bc9d5d48228	98876599374d86a9179af1aa68f5f4d6bdf55e57
9c5d6879e3ba9dc4cbaca6cbfe2a2c9668247b50	b7ac1e278d51119032ad5aaffa77730f5cb6728e
9c9bcdd12ba56c0e468842e625f12f1fc0a8984c	6def8d6533a2c420b4a460a2acc57a0a55465501
9ce01adfdfe9ec94434ede3e0ca2ffca1ed59330	1bec1eeff589b1e57dbfe63022fa7387490770e0
9d0d4db1dee4a67f10ba3fac2fbf77a0e213e676	b6a439d7f9eab09f1b430c81e4211295d0f4cf84
9d73cd765752ae9f1cdd182fdae2adedc63e8109	577574a2bebad5d1cc82e8fc63a3704b6cf8bb50
9dc3d0cdabd4f99ef970a4ca3bce60648af511d3	a34618cdbc180eed468e98022bb4906a8ba9ff93
9e08dffd406d86384a1a4ff4e899f7186cb3dcda	69658d23cf31f084ad9d91f5eb4d42ac958ebaad
9e1f0f4527268ede44778dd6a819892786da12b0	6d756cd87860bd0cd69bd8d4bd2621a5e08203f5
9e46fce890b3874c7e7c3b35b40e13649fe55b93	d4186fb3a9638916b29998ca866aa571e0267cc7
9e70cb14ecedee7e4e29f82feefe99f2da3f1c63	c5d3e0d77f9aa4a36ebf064876bc5204c0c450aa
9e9dcea603af17325bbaff56cf002af15b389580	73aace9731c9c1c52d5eca42986bad5e5672bc2b
9ff678bc38ac75c624db82692bb7ba3486e560ba	a1b20b55eb4b0317ee24ad4e4fdb58c1dcea72eb
a0bf0cab9b3c999d23521ecd2e7b7bc66fac7cb4	b5fae2efca7a051076a7bd5b858e580332a0a7f7
a136f13592af6722185c56378b34ef7e393d5558	ea295e757bc2dcbe4d67622af3f9848cebba64c0
a27d27ad84b2f3705aad2993021ec14c191b2075	bcd7b23086be213a09c04c68773bbb2e7e086f39
a3196bebd3c6aca6a9378a39a1b7ea25c251d51f	cfdafb007941daccccd1b73def511ce7df74a1e1
a383087914e7c4e824d672ada90c6aad7b4d326a	d5d01379e33b788ac7c1dfb9cc8260021480d394
a3cfbadc945c0668d0cd29c4c1a7010092641732	028eadd7ff050da38400ce292431ed2a3533c9da
a419c39a5a67845d71dc0ac457b548639856b2d0	7390bf00d450b132f5077fa3f667fb87b16569a8
a4496b6a3fd3208eaf9699f951ba9648e8e6acc2	1c35788605af94c5d6404ed6e0405e37707d1d4e
a45498f5c935b0dc91651c0210aaa1b825733e9b	37b7245b7800507707a5ebea12fa4abd59bd69dd
a4b1c98df0f716cba7e722c4e63de9af0228093f	e2862115e150d4ce48b314c0a61d31531f215d5b
a4b437204a7cc8b673111db4954b76944a647e70	be7a509ce40212ee1c5b3d3ef2a62810aced8054
a5aa8a1b68b13e79861fd5fd73e9de5462642431	9adbc0a6d049282b4fbffe352c4ad79d383b781d
a5d39177088e3b2e3222a38c3a7d581694b78bf8	ab0a2210b29bcb1400e7bab7ea1bada2b6c2c840
a5f4a67d1376d7095dacc8a1a527363a9caae8f2	0580a8c7c5c7d5cd4aa1409d2edcaca8d6e375b5
a68164552f02025837a44bae8e5000369b93862f	d5511093fbb3ab167c3528d056a7913064dc18e0
a70bab9428a6ac75c663a3fa95d5c0e02506f1c6	d5c1466e17ead2cf10ec1908a9892c74fe122e78
a72d6c693cd5c0eb890c349b5aa516e4f42a2ab7	9a851de2cc218968cc54a9107d6ac6b25d21890a
a7830e3bfa19b1fb766a7cbb462afcfc227f3fd1	a1532f0538a3b2be8d656702154733f72dbdec9b
a8225f7bb2cc52c89245a364c613d80c152fd64a	f3f4950cf2b49d5586441fcc5eb4053ce17db07d
a8477c1585f04d86b8174a32face1decbae5064f	39e4ecba9128f375cc6903b599e3adef9ba68b37
a8901ba7086241fd59031f8c3470e8187a878cbc	b9de04c2907e54664a1e5590bbd6f1e2ce9299ac
a8a057fc18e0c4cd7e698c58c5c3ae25614b924d	de48156d405934a50403dd98b2371d96c82fce5f
a8c4635ad5938f8a1acce4378c39e1d48a25efad	7adf9c68fbb08b50a0886a83b02923018a524a51
a8ccf845edfdf08b4c036c929d648a2100b2b1cf	3b88e2620493fd48de36410ce646d929e87b53d9
a8d812de8f35ec54564696ee1bd62acdb2e045c7	7dd6ee0c372ed7d24fdb57087312a0484bce8d7f
a98c8561e130d9cf224fe1f6fda49654a4fcfb25	a000b8f54ce7d5fcabd6b6a130fc0fa15761d77f
a9dad7696b3ca695a45d11a3b34c3ce00de4c1e1	6d2b70ffa3689e6363ca7ece78efe503b4080f3e
a9e381b522f79c984ac5248a5cd158b95395a539	f85976a4d88547e5d9e8c9c78134f8c58fdb0207
aa2f25b30ac6707e562a385b5aa512dbfcc9213f	af9012dd8fb966d1be00cd2968807235432f1973
aa3b545f62190696a88d29344daf02cbf9da73f2	9136b8755d26173fde675c4f8b053fc8b1cf9d1b
aaae1c18195664afa4c5a3f2cc82b4ecb7c7238b	a2bcb7c0235174c2011f5c819b44a4f42d3c60c9
ab07a5182e27a9b68c8218a2504408b0e88762d9	0926fa77fa35a27e9e448b7fc1d88554ff0c84a9
ab8c84c31c63812ee4fa350960daf6273b2987d0	e40799abcbbb7dc73896844053c1e5e4321566c5
ab931a3b4daf11dda03d96fe0dc230ad0a630488	3598e8bd4221f73781e3eb1c137fa635201c00d7
acb188174422a95072e5cad88f2e26cb534ff2bf	1b0d18c93ea5cb245da5a96d7eb18e62c80622ad
ace55b153f0553c2ac0b659b8ba84bb3557f77cf	0ec535b0fdc6edb14f409dc0c67e11f1c3acca2f
ad63b9795f9f152e0d71a01944caac7da4200990	3ed1b1c6e757e593174e0b4d8228f33660a27752
ae03edd6934539360013697b1d6f8a69e8c80ea7	53b76ff729d9f118d3ee889b11a812685efed1e1
ae6e994f654e1dbb64fd512b4bc10411dbf93e31	d386899c8f20ff35c78f6b0a7378bf99b5c78946
b07d6573dd324e628c1e6e4f23fa46a20baa57ba	ac50098645f2f4cf339f80dbb91f8c27d552b0bc
b0e5d12b9bb8b7023082467f77b7e270e2bd0f01	68be0cda03277b3b51ceca53076d4061ded67518
b10b0675ff81e188af48037d2f9101e3f798747c	aab90a1a86c6c588a54f35350b76ef3b19029282
b1ab424464501e2a23ce91c76ba9384a5c4aab7e	4dde2ee4a6d8d86f231e0bd899ca88c0ae4e0be3
b1d06472c1116fece7da3c004d62ae3e56e67c42	a35b4cb195e38f50374b9616f9d5f8e710bc0828
b2b35fea38d2d30cecfdb819f967e5e8ee5cda5f	1b9c0917dacfe2330ece616f06ffa66805068388
b39e289474138c2642004e3f32786fb62bbb8ede	8636fb40e3a5ee890ee07e6a2ee104f66e1de738
b3fc8fb52ddf53eafc62c3b8609bb3d5fd3b5f06	a3106f9c50664b97fbd2536387f4f52d33295a34
b453ddf36772064e6d62466e2d89c0cb109ae16b	8c031408aacd54dc529d6f558140a1562f26e12a
b4ba1461c695a5ebcf0040a57dc3de834f9e1dc9	49884e7dc6536fdd4cde497a515efcc6e931e39d
b54ff86e60198d1b5a8094b6689d7b3cb53422d0	f4ebc84ee19ee954f86b7cbec8ed57632965e874
b555f2d1824c53c0f1cfaf64b58285d4e746e90b	25deba2aced330d630e5cbc8d969f52bb918d8da
b5783bdb25eaffcae458f7e7903c4d8ada805555	2dd0ac2d38f3e38e78ffec47514921b79175add6
b57ea19f98b609e9fd0bf837ef65fc75ea1b2c7a	8f2e0c31dc0920c3bb78a37328e2c32f86efdce0
b60184f63adc5f745834f1cfcabf06a8b2c942d0	af35602ad06681cb6257d78c4e33934b09998f3e
b7206d502016175dd4b37a587f7ac4b81b191dcd	e2a79d26a2bda68047e258828612fb63f6d7c75a
b73c3cafe391d7033f7bbc08b09802fcac78d0f9	b27f4018af59b6a80e139809c2521d403b7a17f0
b775883440813d52a859e78f8f9b2389e4fd91e4	5d0606e182ab7f572cbc17dd30bd2e2581501b46
b7ad4b7d989faa98796fb7bb961b62072ce52d4a	7d582705f273dc006cdacdf8f20aee82e71c2d92
b7f25c1e7fa97dd1be3c6a851baaecedc34a92cb	49a16af9e8ba158638df2afbd0bf217527d137b2
b86e7d4d704ec16154464c24c0cce9a60edb871f	4933df203bb5cdc2d76a89afa682e91bec612c11
b914b2f0311338c1df8cc06b8764f6c3370f6dff	6c840b0f841971bddc3e1eadf5bafe224c48319b
b919623da3f25e2a984380b653bbb7600263b0fb	170af3caa616d743980e66666f3b2993b25cbd11
b976f7f8845a3893594ffed4f1b2816be5c2c44c	02682a7511751f26f097f22d50b5a3e2bcbcde66
b98ffccf49c92c3fd5c0aa6d05b4847a0a9a9ce9	fce5871ecd2477fb4b4fd8f33076f4b552919ec0
b9ddfa2cccb96b14d09fff96e4fff00333a8caa3	1fb19da003e92df927f2d45a5f19fc0195c8f61c
bace2693a1c28c6195ee18261711b1731cb11e9d	252d08a116e23f59de32c79fb13f81d66fdffee1
bafe96300a0a090a5a621abd210c439c5d6645a7	624c0282f2f3c71b3acf2ef4635cb1e0b10045bd
bbb837bd83a1f3e9a9be54aac28594b83a8886e8	8865208f053cc5b1a79e7fd4350f8afbbd895db3
bd30b1ec0d751c10075e2bef82a715f7c665cd6e	39095b27768d0b7ba79c1fcde20a013f856dfea4
bd366da3e9a0339d6ba4255d9eb86975580ade65	83e0d11c49553a3fc67438f5e34b4e7b0b917440
bd4fe43645b69628d082a81c2e5b8b85a8259c46	f699593ccd699dd87c6b5c713493949239104d8b
bdd3493254e8b3febb728735dda35e3c1508b0ac	597231facc94abf721175bac6dcb4cabe331bb27
bea92a77f117b8972f4782eed12a90251b31504d	abc09cfae50ad5eba3b0ebec9aab65d258e7ca81
bed236f7e3eae5ce2fc1d5fec9818109971231e6	908be41c55b632acfce0c48affb02100c5af0c65
beebfeb699dc1706c8b1209d3e9129fdf0e7c913	4e384dd6b0760cbaaa9fd57c7a0954471f78b0ed
bf051d1ae27d01c01c64fe0862636ab71df4dedc	10f23593210392a189b6e75ea9955e556ce07a58
bf85d42411d3fadf6f33ac871054379d814e5a0f	4835be62b705497cd47af92a748769c523e20bcf
bf970b8f8a8e97624cb5c45d8865c03896423fce	a7331ec87fe39d55a39617bee8028afc7284339e
bfd56f058ef3c0cddedee89e5dfe2ed09b3299b2	2bfa757a60e22a1d3ef82be395cbecb8b9ff9dcc
c07e2eb75479800a1b6c2633b2cbbfa566ca5557	337c134fec7123c95829437b2a629c641bf838e0
c0dc109993455cf65bf4b52e67a69f93817405d5	b08727c06b569633d7bb844373cfe2fe84e9f29e
c17f603567ae2088539c287d44b9ba8c03a91a6f	c78786126729b2c331a3d4fc494e1036cc38cbbb
c22b757d42c4cf9184656cd0f0d313b053432fa7	e32ab101063ba86f7640f65dcf50e881d63d689a
c2731a89e9d3cddf360ca5ec2462645b082fd393	c25ed2a0e403caea7331763863b3fa824247747c
c327c573ebd660c2787026d1348b2ef2dd06b99e	b7166ade0d6a2f7514353ba37a26af3a2226d773
c346e0f0681b48929312670c8f25c65f181b78aa	d764a3c67af37a7e3d66459b256286105856541a
c3b3fb1cea354941ab791b038b4fc6dcd1c961b7	bdc3b519e0ddc0e089c5bc80f8f451e47c8d81f8
c438a1a84520b7b255cbd77291128e2f1ea49b6a	a54f00b6e0c0d408009daa93d798a38d47c2536b
c4b06dee52b8107b9f461a90e2c45af26a48b638	d8a4f703bf9af221ae7f683dfef1d278ff1354b6
c4daf7dbb54a1d78966008fd97f0f787d75b6573	6af61988bf9a4281c33817b03b105082aaf1e58e
c4f010e2c705419d025ed10f3cb4df5a5f863798	cfe08acd39063e18b65e2a70072d0bffe90eda7e
c50a13e1ac7dbb8b2420f7b08d507306777fa0e2	a366bc68ccdbe10304897d53073cee54630cc5e8
c53d5000967fc9715dcdb85d6d7cec522751acfc	cbc85cd4218e64a5ba262e9ae7af4ba35c43d78c
c5c51a1abddef4bf7c3b57e043f8c8bf65aea897	31a1567688313e26437efd71d9522eec8043588e
c68262a517043f0168ee9f2ae462308cac56e9de	9387a0c839ed5a387ab7c184ca2f470b1bf0bba1
c6e94ded0b8064e6bab8188acfa60e13011f6548	8509df08b3e510fdb91eaaccca9a36ab6a170b89
c7499210ad51f8349c77c953ea7b12d3329370d1	d6363e0b27077f3320fc58987461967825d9b8a2
c794124f86517a17428fe3bf94b1768362cadd71	e0316f4da4438d979d6f214ac31362f823865269
c7b1c81d3dace228247a023afda23ca6fc355cc4	d9d112e085c7585dfae47eb21b529ec8ec1aa79e
c7e7265adb70e13a05e2760d12b67a22e86195b1	3fc244f5225fee7f899136c58ba1fd2a5d6476a6
c80a49ae0b968e7932e6ef52dafb42653b36816a	c7d5ae18907c88eec24a76b845dac06ded34fabf
c83522a9f0a6f4881c452261547ac8cce7e8729e	1de6ac5a554afd0ea9c49a56ddbc7e0fe4bc8a0d
c87a3ec90e6036e43ea8655a05961cf717d18d83	4c520efb6dd89eae89d090cf2fdf4aecef6d617b
c97942f354578c3725db3ec9d94f05dee73d077c	a09dbd6a2025554d6c28f4486c4079c05af53b7d
c99fed238b6ee0eda4ada243bcb06a246bcb056a	c4ed956b919fe5f42c69ed8360e722cf10d8a037
c9d2295d50d29b3643b08c4dde0d0d98801b6c24	a0239f99b7fa6421fc787fea2ab863bb1de13a03
ca29fcda4b45ca5e382e2be5eaf265ee58001f48	7baa55bb3332906df307c2aeb7022470193b3c2d
caad06c5698257be504c2e2bbc6abe9cc862454e	b4a7cd1c384e9f30bc8ef83fa4a8106995679f12
caad5015ddb951f30fd749db210794cb27e90567	612c9d29fe6fc8ff68707697f59e19bbeb4b1fbf
cb3e3b7d39176dcbee73336c5f2740cb95a33157	5f7a3e42cbfcc13961157a1843c40e35ec0b494d
cc5a9ea8a75e6332171fbe6ef68ed7f7f2691341	94a218ea523149a2cfb86122e9a778c45e9a8d20
ccbb90523e66dcddf10410839d34c27cf6597e8f	2ec89df86a234c44ca2b151e86983702f18ced02
ccfbda162d54f72c01c28231d76a5396f7471685	64c35bcc5480925da4cf800ae6fba31540b3af56
cd2b1d1e17d69be4765c93c29c95e885b1f4ac85	3cbe56b4056cbd7960bd9b965136f38811d0c6f0
ce8fe9329ebeb50cb5a1c798649c0089d187ad3c	8acd01c6b8e6ce8fb0ccb955f1dcb5f4c9d9182b
d04d5623b5794e61350caa00f2d73fe9efb2f1c9	7853981d1b388512b1f889660801a5e06bdf56bd
d0773227abd5b8ecb6b8765718f3e26d54f35415	4ecb678d7259e933abdee7b3a93baa8ed65088af
d0e6ec3dbc75e46e500b2b96377eaff9c60036d2	f51e87716048746f118832906c8a629b15008271
d108b458f97d795a51cc61db657086d64510f0fe	1ee69dee7bbc84fe33e41e915d5f21a5bdee290b
d144e8c4d4275b9583493f4d1efa98e0d5580248	6b80f90a506844d74f48af8daf79a5b50fa42615
d157c63cc320ee3ab92b383e4e3b2e0e7e64f9ab	9e1805389d904b1bc4b257106fac90978819a858
d18b023ba5294cb65ac96ad6fdea7baf44689e97	816ac9e5a0cd7987baa8454a4ea5201328e53c61
d1ff1c3039842bc27f2e5bffa2ab7e533dc65f73	f13ad2bc84ebf2080920be729b8932ddd44d350e
d32ec3dfb9bfe87dbc27913a3ac5f3e7f812ab30	3f8cda78a41f09e57206300e6df177dade41f160
d37614270399ee303a11994d1939261d24465b64	b936855dd37c78efb1a9301bf67a2404e93f6f77
d385e43568756688e6db08a14b9804de39257c18	d0f46f79a2b6c0ea266af3a07f99ffae96dde4cd
d39b66508f2e2d3f51cc9434d1b0457bc09fc57f	893c8f7a8b447f14156a5d3d110fb075c71fe1e8
d3eb524344ecc4ef5309067878d1415b68914143	1f131b4c88aea0a8c19d81a801a6344c420c9781
d3ed2b8abdd7b20f1667ffb00d31aaecef750b04	b0a1927f6dc38d0e826d3109bf40a1fd98197626
d4118992df70828e80b3ea6af8ccbf58df745cdd	e9c0034eec219527f0211dedc56ae479b92e483e
d4741f321ee7ce3e94eff97c5000432e5d343614	e47b1e487345e781650961811fd80fba849d7660
d47d06b963a8a8b3d9b7cc68fe6eeb218e1b7569	ba11bffa25839b666b39de9a0ef5a3753593f7b8
d4af9adb98b7bbf990971735bcbb11ce010fa125	e1450f9f10b5e70dda04afa08a043bb6fcbca7cc
d4b33908d9334cc10e2792a977210b69e39bed1f	dc8f85ff21d34cfff5b7ff75551e62c3112a2fe0
d574e48881de47f833908ed2d069dc95ad191e62	62dbf4133c9b50583b6e0f2b660d0e4eb4b5c0f2
d5b93578d880e942fcbd678dd1736cdfa9e52a32	be95f8ffbc2d9fe10121a4006cacba75fe3e7f82
d6a8b23c22dee9077dd95fe15416e591fa77add9	b77db734d2303a47451a6c57116e396142897faf
d76ad4b202bccce3dd6e86bdcf94e78d8e0e8354	9843c3e1e27da0d386a756d766034107a0bed9c2
d7b1fb7713bd5e853322bb7587bf5c1c4dc3929c	87b9b36c5d3d53bf38353750f63a7842d41c0fc0
d7d15b3a55528e90bfa62c7a5f1dfa16fa9dc957	e6da19974a93135cc6c969fa50edcbd40af28df7
d9b581f2fd58f1c01f4d81862882573659c636d1	c6f5399bad18213088ed40bf85f8bde649246ea1
d9ee0977c3de39ee85989371bbe82a1f8c2c64b6	bd9a9d83d71715139ebe9f68c65e6f7e8e309b6c
da24bded3bbbe2da66e4c06b159c0cdd3422ce54	554efbc3f36105a439c3b0ee68ad353fab9878dd
dacbe6c0a05c94867e199ea580f15112a32ae74f	9083e4889134228ff158b8765507971830fcb8b7
db0ae17ef304a89573de3b86871b6bb01d5816a1	26bcfb5245224852809cbe2489dfb7c31d35a022
db20cb73f22735a790b5149777a0412736ccafc2	d86a87fbe484f4c83d5d33799032d5ad83ad886e
db443bff5b4cde225824d7a39e9433732cd625d6	77efe7af5f3d36ffb9372c5160dd0e77f5628ac9
dba6c18dada5e86e0036740836d6766cd6bee96a	afd309a6729ddb96734dfed35f8466f1ea851bde
dbba101f8a312a28114602ba5f59cf8ac4b4c2c0	df08d0e7840de78a63dd4fa69a4b4d4019142bcd
dbd87efbbd4fde0970f303ec55c9a243357b75c3	8bb34b8895ac4a79ea91a9c52ed6c36623030c3c
dc32ae29bf27c95d30073b491894fa8b59133798	518d23b5a7dcfe69bb9db556e902a4a2da6adbb2
dd1590a2450afcf737d2fa987398c47354db424b	278adbfa4f91d43a3c4004598829dbf47be44efc
dd1d15be3f2e4b27272dbbf66861c2d702ac036f	fbdd98861bdb2827eb70271142e5d01bd711c303
dd3483e832bd4c93f11e350eba7c941c8989a811	25e6fdb1517ed580bece6c2ca0b8f328ba5be351
dd3f7ab096b59b16edb980826c786520f8e2f46c	b95ae1b22c40a97b47162e8fdba26a0292d9f129
dd51ca8c6cc57d20d01d946713f5a68a38bb1649	45f7c037d2949300bc4c4b9ec978e8162ef8161b
de0751002857db030821bf007525bb8ceb4db625	3f41617eb367e371e352b17350d97729f06f812f
de3bf5fd2aeb8cb88961d5fe879f6ab93830404a	451ee4bbd888142d131ef524b4049d784077e2de
df4629f7e2ba3f9fdd473aaaaa64ac57191ee7f0	25acba6bfd4907d53a47a4dde1a3ceae3e7ba2fa
e04858747e36790663e753ff22b437f25eb710a8	d204e509b549aa7bf1483bc02229ce700c88da85
e05cadab80104286a1e71805fc23345b16171745	388b488dbf61d3de96de3a878f6f1e2b884afd2a
e0b8bd14fbb5630d98f2d31f7573bae9deb88d0b	65d0b97fcb6c076171fc8daa13706b09f3a98317
e15071e2dc4466c4856c788ee05a7d39b8596b64	b156732a819071c1018638e9eaf8f6cc4d3243a7
e187c856c8221df8d7f73a5f2ad24edc8d6b1802	622e99de81a3f7cd1e2477cb974d53fa607865b8
e1f94bafe1de65c1811270a2a5910f6d35af7051	ea82b5ca010ecd2080518ca013ca11e590ca5c30
e23466f1244c517d11254d887f672b5221e9f8e3	904d2a2b805a340fd43ff8f3bb7bbd3ba3dc6c39
e3f3437526c75855662a1eb645ef683bb7849096	fae9907b7764a50b97228ccafcc0ac77c9619a2d
e487d8fc376c6e718bd25c4c7ccd23de5d4c4178	9fffb224a0f84e0875f9121b4b1dddd86da69525
e4a1a3d594fdf7f38a840846b5994602d91dfbf8	eada0b7c655ea99e068f80bf120f3a027cbdaf5a
e4ec73c5697beb3e06e41282c727fb7b17f608e0	51cd9810bfd41a0fdd89ead54f00b0cb0c99b6eb
e5038ee00d5a0241dfce6443565d2fddd136e86d	bac8dd3606203fd48dd56a151fcb5244aba7a921
e57a0de2deb1f48be8b1bfd06dd391d67f75a913	474acc4b85918f2f032669d63806b97e776148f5
e6580cb32ab6a75c727879fa1fb2cc2f76bb0756	c7ea1bd83b188f9c4b3ae1dbbde66b26401ec50c
e6b4dfa5430b1de44280f98d07a3b8c9a696b5ee	d792d4a1189f073dfafa566117c50a3fef3723ad
e7350482a39fbaa1cd92969fa6a91825314f2c69	d9a2bb963456f72e4e436df516f61b741d0fbc03
e79207f3f47a4f8c81041b06f3d0fe7844f0ede7	65cfebebba32db78065be9e9078c42275bf4f1d9
e7c9ed83288657150e789b5b935de87ef5497482	0aac61e37364aa21517bd547ec2245d3f79ab476
e819966aa5a93309d8fc7b0c5d8d8651e6dc717d	3137bbe5ffd764bd47fcac3a18aef781d02519da
e83a988b9c9d19d96df648b046a5f1b5ad06fd82	ad9b5f2a59e416d47537fbcd12a487a6f3d87438
e888ccb2dd30f66c0747e4bf822e3106358a7e69	86a8a7cf1c07728ce9554383dd0a4dc48948c5e0
e9220730b2cfaa8293eefe41f6c167f80300881a	1cba88b688e0fd0d5dbdf48e2a3f60efcfcc0a4b
ea145eae459b7e91f1d1a03298e04e5c62048e32	e3b1bd5ac7d56be192514b5c565295311c0b6534
ea4dffdddf8df17bf496a4f877a7570c4037a823	5f6000cad4a103371dc28f6605b19210ff2aa1fc
eaefa5cc95eb329e38db71ae84b6b161f359a79a	7873bb4d72c625b9c11a8d9847f3351faaf36f24
ec1b008d171309498458d123142c7dc9287b94ec	fa409882cd49fde4c6ebd62590f46bca6a1b18cf
ec70d4cdde238ee6b2fc9e4742602bbc78edc78d	68d281142405b0a9fe968b74d86ed767c677c061
ece13e85b9b0cc5223a4457b2603e2a8e55167d4	0adecbcb8239569041b897f32bf1f5e36c43664b
ed63f568b20fe0a5f859468cb43634793a8fda8c	d3b7af438bf1297dfc95c9bf0d07c02a08dfd90b
ed9c5d27feae023f4a019fa5fbd7ccc11be2b1db	03942990a30f5c1bbae9fef6dd30934dd3ca7615
eebcd5ba7a083a698a93467e4eb8d06b0f7e0db1	5b73bd534c374fe64ae32940761882d2c203a0d7
ef6fea9ef7d618727d404e4712350637b9c5b274	7fa3220101533be753232afbacca683cee029aa2
efc1e142d17689d22876c1b3c18a0d0896026800	abd88ca56cc690c7c7f6654b68c35758fd30fe75
f0f4539f80ca1c0999ccf376f22726a535174dfd	26f63c488d569e6f80ddb112dbd1a15bf1e987e8
f2c3c48b06f3f8492f7ce0776a05b75c4fc15757	ddadd28c20cd0660cd0e87817a82a3e8b029b00c
f2e3614c7e6cce6290365797c44ae830986836a1	b3ee9187eabd27e5d1ff317719996fa57d3cecb1
f3133d3316ddedc39162fbade9f9b636b0fda3af	3006845d5d9de1a1f96b0da710cc2cc105be6d2f
f3d150187ff0d5ec64c19e418b86c6ef99073caf	0b815b3ce565cd1deb3d2a7866e51aecb4d00073
f47505fd9dd11fbbc75a2d288468b3520aaddbd8	96fb169ef8a1abf96b33b5d6e4812310d3a0bd94
f5348846a20d50e336ae0d3b3e709b46d5a32b2c	02e6a5225fc0ff16d2559e88233f19b0f52a4f3f
f556050fc7b27744fd61de299cd87e081ffbf736	68cb8005b8c053eab82ca92c7f3da69d64ff9661
f558df2f48ead45a2a0dcb938b12b1c8f3e5b29a	7f2046938117e469295470e3c5f707cd4fc6a985
f65df8f2740c7ef76eb4fcd6387ab17a9b8be31a	154ad07374f6e2b91eda4c63950d596cfafbfced
f770f57afa0db655814bc8a06951d297ae8b918e	89c057a06faf4f8de2628e99813395d169c13c8f
f782574c40aca7c872c983400cdcd2f353f61177	8fab9aef22461f7bad217fcff882a57613ecc0c4
f80f09ae18b999e70f319faf8fbc6caa92f122c9	20bf0d848c76974cede7ac5720d809c162c9860f
f846f185c106ed7b5a658cdeae3ce160deabb175	3e36179296323e514530ac35c9425e9c41b91d8e
f885be5168148ef6491a005d2f3e5b0bdb26b4dc	d453e9424ef586b4ff562adba3f5f193b37131ea
f8ed8001c95ceacd455e7c415767560daf2f46a3	854f2a3f7a675b408e35eba19385851c1a2abf5e
f8fa4390b4ef5a1621499b753010cc004a2f77ff	66afe6a9441c0b511fc35318193b0085491f9a20
f96a1c72b09182a7c853dbd81c379822f95a9991	e7d77303b88106db5f875cf5f3eb675133d206ff
f988c196156d3c9ab55ac7eaea72ff0741dedfa1	4de1ad7f1e415c1ead871cc9c41545aaaef0c8af
fa93e791a7fe57488593d53a5ac250ca1f2fd5bb	4fc51f8fcfd9a36f7300b39b26fae8597de22430
fb88c4adade4d9e78917e90a5a1b50ba43e58178	f07f42070c9626c3a15b009e45668468974b7357
fbfe706234d202b4e29154a0f75207cce11ef009	271e44529bac8144c40f7e542dd8dc086d704dd4
fc7110cd144cb58c37f10c9f6d9c2cba01b445db	5cace988dd38f976f939a548c58d832e6e1916cf
fc8abf31db850a3bfe9c04a9472bc309d40cd95a	f5f5cbf72dd93e39c90f850748bf6ea5742abae3
fde8cbf95e426eb4fd63c3c730ff00afa076dca3	ed1c55c6e49f5c87604ddeff795a33a31b55b417
fe9959384665b3e7eafc7b8e05630a99780de9f5	d68f5e2015dd2b876f50e748fe84f91a14faa96c
fea2a2454aa1b053b4f5fda677e37128290eb174	2900766f8e8bec9366ec681b581bfcb92ac9b0c3
